{
  "minecraft:recipes/building_blocks/bookshelf": {
    "criteria": {
      "has_book": "2025-04-05 23:03:40 +0200"
    },
    "done": true
  },
  "minecraft:recipes/decorations/crafting_table": {
    "criteria": {
      "unlock_right_away": "2025-04-05 23:02:06 +0200"
    },
    "done": true
  },
  "minecraft:recipes/redstone/lectern": {
    "criteria": {
      "has_book": "2025-04-05 23:03:40 +0200"
    },
    "done": true
  },
  "minecraft:recipes/brewing/cauldron": {
    "criteria": {
      "has_water_bucket": "2025-04-05 23:02:06 +0200"
    },
    "done": true
  },
  "minecraft:recipes/building_blocks/chiseled_bookshelf": {
    "criteria": {
      "has_book": "2025-04-05 23:03:40 +0200"
    },
    "done": true
  },
  "minecraft:adventure/adventuring_time": {
    "criteria": {
      "minecraft:plains": "2025-04-05 23:02:07 +0200"
    },
    "done": false
  },
  "minecraft:recipes/misc/writable_book": {
    "criteria": {
      "has_book": "2025-04-05 23:03:40 +0200"
    },
    "done": true
  },
  "DataVersion": 3465
}