{
  "minecraft:recipes/building_blocks/bookshelf": {
    "criteria": {
      "has_book": "2025-03-18 12:20:30 +0100"
    },
    "done": true
  },
  "minecraft:recipes/decorations/crafting_table": {
    "criteria": {
      "unlock_right_away": "2025-03-18 12:20:30 +0100"
    },
    "done": true
  },
  "minecraft:recipes/misc/map": {
    "criteria": {
      "has_compass": "2025-03-18 12:20:30 +0100"
    },
    "done": true
  },
  "minecraft:recipes/redstone/lectern": {
    "criteria": {
      "has_book": "2025-03-18 12:20:30 +0100"
    },
    "done": true
  },
  "minecraft:recipes/building_blocks/chiseled_bookshelf": {
    "criteria": {
      "has_book": "2025-03-18 12:20:30 +0100"
    },
    "done": true
  },
  "minecraft:recipes/misc/writable_book": {
    "criteria": {
      "has_book": "2025-03-18 12:20:30 +0100"
    },
    "done": true
  },
  "minecraft:adventure/adventuring_time": {
    "criteria": {
      "minecraft:plains": "2025-03-18 12:20:31 +0100"
    },
    "done": false
  },
  "DataVersion": 3465
}