{
  "minecraft:recipes/misc/charcoal": {
    "criteria": {
      "has_log": "2025-03-05 20:16:03 +0100"
    },
    "done": true
  },
  "minecraft:recipes/decorations/crafting_table": {
    "criteria": {
      "unlock_right_away": "2025-03-05 20:16:03 +0100"
    },
    "done": true
  },
  "minecraft:recipes/building_blocks/oak_planks": {
    "criteria": {
      "has_logs": "2025-03-05 20:16:03 +0100"
    },
    "done": true
  },
  "minecraft:adventure/adventuring_time": {
    "criteria": {
      "minecraft:plains": "2025-03-05 20:16:05 +0100"
    },
    "done": false
  },
  "minecraft:recipes/building_blocks/stripped_oak_wood": {
    "criteria": {
      "has_log": "2025-03-05 20:16:03 +0100"
    },
    "done": true
  },
  "minecraft:recipes/decorations/oak_hanging_sign": {
    "criteria": {
      "has_stripped_logs": "2025-03-05 20:16:03 +0100"
    },
    "done": true
  },
  "DataVersion": 3465
}