{"stats":{"minecraft:crafted":{"minecraft:stone_hoe":1},"minecraft:used":{"minecraft:water_bucket":1,"minecraft:netherite_leggings":1,"minecraft:flint_and_steel":1,"minecraft:bucket":1,"minecraft:book":7,"minecraft:stone_hoe":1},"minecraft:picked_up":{"minecraft:flint_and_steel":1,"bpalbert:orange_skull_key":1},"minecraft:custom":{"minecraft:open_barrel":18,"minecraft:time_since_rest":6365,"minecraft:open_chest":9,"minecraft:crouch_one_cm":511,"minecraft:play_time":12487,"minecraft:sprint_one_cm":31741,"minecraft:damage_taken":70,"minecraft:walk_one_cm":29526,"minecraft:sneak_time":350,"minecraft:walk_under_water_one_cm":2271,"minecraft:jump":206,"minecraft:interact_with_brewingstand":1,"minecraft:inspect_hopper":4,"minecraft:leave_game":1,"minecraft:time_since_death":12487,"minecraft:walk_on_water_one_cm":218,"minecraft:sleep_in_bed":1,"minecraft:total_world_time":12741,"minecraft:climb_one_cm":404,"minecraft:fall_one_cm":6840,"minecraft:interact_with_crafting_table":1,"minecraft:use_cauldron":1,"minecraft:fly_one_cm":52880}},"DataVersion":3465}