{"stats":{"minecraft:used":{"minecraft:oak_button":3,"minecraft:oak_sign":3,"minecraft:polished_blackstone_button":2,"minecraft:dark_oak_sign":1,"minecraft:nether_bricks":1},"minecraft:custom":{"minecraft:jump":6,"minecraft:open_chest":1,"minecraft:time_since_rest":3721,"minecraft:crouch_one_cm":438,"minecraft:sprint_one_cm":4860,"minecraft:play_time":3721,"minecraft:time_since_death":3721,"minecraft:walk_one_cm":7614,"minecraft:sneak_time":26,"minecraft:total_world_time":7256,"minecraft:fly_one_cm":813},"minecraft:picked_up":{"minecraft:lever":2}},"DataVersion":3465}