{"stats":{"minecraft:used":{"minecraft:packed_ice":63,"minecraft:soul_campfire":1,"minecraft:brown_terracotta":101,"minecraft:writable_book":2,"minecraft:green_concrete":30,"minecraft:black_concrete":139,"minecraft:glowstone":2,"minecraft:quartz_pillar":5,"minecraft:light_blue_concrete":199,"minecraft:orange_concrete":10,"minecraft:snow_block":218,"minecraft:light_gray_concrete":1,"minecraft:smooth_quartz_slab":4,"minecraft:red_concrete":28,"minecraft:grass_block":50,"minecraft:stone_button":2,"minecraft:yellow_concrete":216,"minecraft:chest":4,"minecraft:yellow_carpet":15,"minecraft:lectern":1,"minecraft:polished_blackstone_button":7,"minecraft:white_concrete":283,"minecraft:brown_concrete":16,"minecraft:iron_door":2,"minecraft:light_blue_stained_glass":264,"minecraft:pointed_dripstone":5},"minecraft:picked_up":{"minecraft:writable_book":1},"minecraft:custom":{"minecraft:time_since_rest":48439,"minecraft:crouch_one_cm":1917,"minecraft:sprint_one_cm":43422,"minecraft:play_time":48439,"minecraft:walk_one_cm":132936,"minecraft:sneak_time":951,"minecraft:interact_with_lectern":3,"minecraft:jump":365,"minecraft:leave_game":1,"minecraft:time_since_death":48439,"minecraft:total_world_time":92864,"minecraft:fly_one_cm":132829}},"DataVersion":3465}