{"stats":{"minecraft:custom":{"minecraft:jump":40,"minecraft:time_since_rest":7712,"minecraft:crouch_one_cm":16,"minecraft:inspect_dropper":2,"minecraft:sprint_one_cm":5347,"minecraft:play_time":7712,"minecraft:time_since_death":7712,"minecraft:walk_one_cm":12339,"minecraft:sneak_time":160,"minecraft:total_world_time":10995,"minecraft:fly_one_cm":32590,"minecraft:inspect_dispenser":1},"minecraft:picked_up":{"minecraft:stone_button":1,"minecraft:redstone":3},"minecraft:used":{"minecraft:redstone":37,"minecraft:oak_log":14,"minecraft:chiseled_stone_bricks":1,"minecraft:stone_button":5,"minecraft:repeater":13}},"DataVersion":3465}