{"stats":{"minecraft:custom":{"minecraft:open_barrel":5,"minecraft:time_since_rest":21638,"minecraft:open_chest":5,"minecraft:play_time":21638,"minecraft:crouch_one_cm":88,"minecraft:sprint_one_cm":9027,"minecraft:damage_taken":90,"minecraft:walk_one_cm":51340,"minecraft:sneak_time":373,"minecraft:jump":52,"minecraft:leave_game":1,"minecraft:time_since_death":21638,"minecraft:total_world_time":22568,"minecraft:climb_one_cm":2273,"minecraft:fall_one_cm":1196,"minecraft:fly_one_cm":23936},"minecraft:picked_up":{"bpalbert:book_of_light":1,"minecraft:item_frame":1,"minecraft:ladder":1},"minecraft:used":{"minecraft:item_frame":1,"minecraft:dark_oak_planks":51,"minecraft:black_concrete":255,"minecraft:dark_oak_trapdoor":24,"minecraft:cherry_wood":8,"minecraft:iron_trapdoor":1,"minecraft:smooth_quartz_slab":78,"minecraft:nether_bricks":4,"minecraft:oak_button":1,"minecraft:oak_planks":63,"minecraft:ladder":3,"minecraft:chest":1,"minecraft:pearlescent_froglight":6,"minecraft:stripped_cherry_log":85,"minecraft:cherry_log":40,"minecraft:mud_bricks":4,"minecraft:barrel":16}},"DataVersion":3465}