{"stats":{"minecraft:broken":{"minecraft:flint_and_steel":1},"minecraft:crafted":{"minecraft:bucket":1,"minecraft:stone_hoe":1,"minecraft:air":0,"minecraft:iron_ingot":1},"minecraft:used":{"minecraft:fishing_rod":1,"minecraft:netherite_leggings":1,"minecraft:flint_and_steel":1,"minecraft:netherite_chestplate":1,"minecraft:bucket":1,"minecraft:brush":2,"minecraft:book":6,"minecraft:stone_hoe":1},"minecraft:custom":{"minecraft:open_barrel":11,"minecraft:time_since_rest":10083,"minecraft:open_chest":9,"minecraft:crouch_one_cm":690,"minecraft:play_time":10083,"minecraft:sprint_one_cm":8672,"minecraft:damage_taken":30,"minecraft:walk_one_cm":50953,"minecraft:sneak_time":256,"minecraft:walk_under_water_one_cm":1338,"minecraft:interact_with_brewingstand":1,"minecraft:jump":24,"minecraft:inspect_hopper":1,"minecraft:leave_game":1,"minecraft:time_since_death":10083,"minecraft:walk_on_water_one_cm":86,"minecraft:climb_one_cm":328,"minecraft:traded_with_villager":1,"minecraft:total_world_time":13520,"minecraft:use_cauldron":1,"minecraft:interact_with_crafting_table":2,"minecraft:talked_to_villager":2,"minecraft:fall_one_cm":556,"minecraft:fly_one_cm":2102},"minecraft:picked_up":{"minecraft:flint_and_steel":1,"minecraft:iron_ingot":1,"bpalbert:orange_skull_key":1,"minecraft:emerald":1}},"DataVersion":3465}