{"stats":{"minecraft:used":{"minecraft:suspicious_sand":1,"minecraft:water_bucket":13,"minecraft:chest":1,"minecraft:brush":2,"minecraft:stone_bricks":58},"minecraft:mined":{"minecraft:suspicious_sand":2},"minecraft:custom":{"minecraft:jump":49,"minecraft:open_chest":4,"minecraft:time_since_rest":11354,"minecraft:crouch_one_cm":43,"minecraft:leave_game":2,"minecraft:play_time":11354,"minecraft:sprint_one_cm":6518,"minecraft:time_since_death":11354,"minecraft:walk_on_water_one_cm":2452,"minecraft:walk_one_cm":14284,"minecraft:sneak_time":96,"minecraft:total_world_time":20139,"minecraft:walk_under_water_one_cm":5727,"minecraft:fly_one_cm":13088,"minecraft:open_barrel":1}},"DataVersion":3465}