{"stats":{"minecraft:picked_up":{"minecraft:torch":1,"minecraft:black_banner":1},"minecraft:custom":{"minecraft:time_since_rest":44127,"minecraft:sprint_one_cm":14032,"minecraft:walk_one_cm":95254,"minecraft:fly_one_cm":29369,"minecraft:crouch_one_cm":141,"minecraft:play_time":44127,"minecraft:sneak_time":511,"minecraft:pot_flower":2,"minecraft:jump":62,"minecraft:leave_game":2,"minecraft:time_since_death":44127,"minecraft:total_world_time":72050},"minecraft:used":{"minecraft:glass":22,"minecraft:dark_oak_stairs":11,"minecraft:chiseled_bookshelf":1,"minecraft:flower_pot":2,"minecraft:black_concrete":22,"minecraft:bricks":19,"minecraft:brick_wall":7,"minecraft:flint_and_steel":2,"minecraft:command_block":15,"minecraft:quartz_slab":3,"minecraft:oak_button":1,"minecraft:oak_stairs":9,"minecraft:redstone":2,"minecraft:polished_andesite":42,"minecraft:brick_stairs":14,"minecraft:light_gray_carpet":3,"minecraft:black_carpet":3,"minecraft:spruce_planks":54,"minecraft:stone":83,"minecraft:spruce_sign":2,"minecraft:mud_bricks":33,"minecraft:quartz_stairs":8,"minecraft:torch":2,"minecraft:repeater":4,"minecraft:oak_slab":3,"minecraft:brick_slab":12,"minecraft:black_banner":4,"minecraft:light_gray_terracotta":105,"minecraft:campfire":2,"minecraft:smooth_stone_slab":6,"minecraft:stripped_oak_log":118,"minecraft:candle":5,"minecraft:spruce_log":25,"minecraft:smooth_stone":10,"minecraft:stripped_spruce_log":12,"minecraft:stripped_spruce_wood":62}},"DataVersion":3465}