{"stats":{"minecraft:custom":{"minecraft:time_since_rest":61289,"minecraft:crouch_one_cm":890,"minecraft:sprint_one_cm":54243,"minecraft:play_time":61289,"minecraft:walk_one_cm":157542,"minecraft:sneak_time":1046,"minecraft:jump":145,"minecraft:leave_game":2,"minecraft:time_since_death":61289,"minecraft:total_world_time":73834,"minecraft:tune_noteblock":6,"minecraft:fly_one_cm":166783},"minecraft:used":{"minecraft:redstone_torch":36,"minecraft:sticky_piston":4,"minecraft:polished_blackstone_bricks":2,"minecraft:oak_fence":1,"minecraft:glass":1,"minecraft:glow_item_frame":3,"minecraft:black_concrete":132,"minecraft:redstone_lamp":7,"minecraft:repeater":22,"minecraft:dirt":10,"minecraft:comparator":10,"minecraft:bookshelf":27,"minecraft:oak_slab":7,"minecraft:stripped_oak_wood":63,"minecraft:lantern":2,"minecraft:stripped_birch_log":10,"minecraft:oak_stairs":34,"minecraft:nether_bricks":14,"minecraft:redstone":168,"minecraft:oak_planks":73,"minecraft:map":2,"minecraft:polished_blackstone_button":1,"minecraft:note_block":1,"minecraft:stripped_oak_log":4,"minecraft:white_concrete":214,"minecraft:redstone_block":2,"minecraft:spruce_fence":3,"minecraft:iron_door":3,"minecraft:stripped_spruce_log":2,"minecraft:mud_bricks":4,"minecraft:book":40,"minecraft:item_frame":5},"minecraft:picked_up":{"minecraft:book":6,"minecraft:repeater":1,"minecraft:redstone_torch":3,"minecraft:redstone":1}},"DataVersion":3465}