{"stats":{"minecraft:custom":{"minecraft:time_since_rest":31718,"minecraft:sprint_one_cm":12818,"minecraft:walk_one_cm":77272,"minecraft:inspect_hopper":2,"minecraft:fly_one_cm":73130,"minecraft:crouch_one_cm":344,"minecraft:play_time":31718,"minecraft:sneak_time":458,"minecraft:pot_flower":2,"minecraft:jump":99,"minecraft:leave_game":1,"minecraft:time_since_death":31718,"minecraft:total_world_time":36083},"minecraft:picked_up":{"minecraft:spruce_pressure_plate":1,"minecraft:brown_carpet":1,"minecraft:gray_carpet":3},"minecraft:used":{"minecraft:andesite_wall":5,"minecraft:redstone_torch":1,"minecraft:glass":13,"minecraft:flower_pot":2,"minecraft:iron_bars":3,"minecraft:stripped_dark_oak_wood":94,"minecraft:bookshelf":8,"minecraft:lantern":6,"minecraft:oak_stairs":6,"minecraft:gray_carpet":10,"minecraft:spruce_slab":100,"minecraft:polished_andesite":28,"minecraft:spruce_pressure_plate":7,"minecraft:black_carpet":1,"minecraft:spruce_planks":152,"minecraft:tinted_glass":2,"minecraft:dark_oak_slab":181,"minecraft:spruce_sign":6,"minecraft:iron_door":1,"minecraft:polished_andesite_slab":1,"minecraft:barrel":4,"minecraft:stone_bricks":34,"minecraft:redstone_lamp":1,"minecraft:brown_carpet":15,"minecraft:white_carpet":26,"minecraft:white_banner":4,"minecraft:spruce_stairs":2,"minecraft:white_stained_glass":1,"minecraft:jungle_door":5,"minecraft:campfire":4,"minecraft:polished_granite_slab":4,"minecraft:stripped_oak_log":69,"minecraft:painting":1,"minecraft:black_bed":2,"minecraft:spruce_fence":7,"minecraft:gray_wool":5,"minecraft:spruce_log":61,"minecraft:stripped_spruce_log":32}},"DataVersion":3465}