{"stats":{"minecraft:broken":{"minecraft:flint_and_steel":1},"minecraft:used":{"minecraft:stone":2,"minecraft:spruce_sign":1,"minecraft:flint_and_steel":1,"minecraft:mud_bricks":3},"minecraft:custom":{"minecraft:jump":30,"minecraft:open_chest":5,"minecraft:time_since_rest":4659,"minecraft:crouch_one_cm":83,"minecraft:leave_game":2,"minecraft:play_time":4659,"minecraft:sprint_one_cm":9227,"minecraft:time_since_death":4659,"minecraft:walk_one_cm":9356,"minecraft:sneak_time":25,"minecraft:total_world_time":7822,"minecraft:fall_one_cm":418,"minecraft:fly_one_cm":26106,"minecraft:interact_with_brewingstand":1,"minecraft:open_barrel":5},"minecraft:picked_up":{"minecraft:flint_and_steel":1,"minecraft:book":4}},"DataVersion":3465}