{"stats":{"minecraft:used":{"minecraft:item_frame":1,"minecraft:painting":1,"minecraft:oak_planks":1,"minecraft:stripped_oak_log":2,"minecraft:white_concrete":1,"minecraft:dark_oak_trapdoor":13,"minecraft:ochre_froglight":2,"minecraft:pearlescent_froglight":6,"minecraft:flint_and_steel":1,"minecraft:nether_bricks":2},"minecraft:custom":{"minecraft:jump":10,"minecraft:open_chest":2,"minecraft:time_since_rest":7240,"minecraft:crouch_one_cm":31,"minecraft:sprint_one_cm":1008,"minecraft:play_time":7240,"minecraft:time_since_death":7240,"minecraft:walk_one_cm":10706,"minecraft:climb_one_cm":376,"minecraft:sneak_time":302,"minecraft:total_world_time":7301,"minecraft:fly_one_cm":8379,"minecraft:leave_game":1,"minecraft:open_barrel":3}},"DataVersion":3465}