{"stats":{"minecraft:used":{"minecraft:redstone_torch":4,"minecraft:sticky_piston":1,"minecraft:stone_brick_slab":85,"minecraft:lever":1,"minecraft:writable_book":2,"minecraft:iron_bars":3,"minecraft:command_block":1,"minecraft:spruce_wood":1,"minecraft:oak_button":2,"minecraft:dispenser":1,"minecraft:redstone":38,"minecraft:netherite_chestplate":1,"minecraft:ladder":1,"minecraft:lectern":1,"minecraft:decorated_pot":2,"minecraft:black_glazed_terracotta":20,"minecraft:stone_brick_stairs":14,"minecraft:barrel":9,"minecraft:stone_bricks":110,"minecraft:netherite_boots":1,"minecraft:reinforced_deepslate":6,"minecraft:redstone_lamp":2,"minecraft:repeater":1,"minecraft:dirt":2,"minecraft:gray_glazed_terracotta":11,"minecraft:chain":12,"minecraft:gold_block":1,"minecraft:stone_pressure_plate":1,"minecraft:cobweb":2,"minecraft:soul_torch":2},"minecraft:custom":{"minecraft:time_since_rest":52292,"minecraft:sprint_one_cm":28062,"minecraft:walk_one_cm":82312,"minecraft:drop":1,"minecraft:fly_one_cm":44631,"minecraft:open_barrel":5,"minecraft:open_chest":1,"minecraft:crouch_one_cm":7089,"minecraft:play_time":52292,"minecraft:sneak_time":3749,"minecraft:walk_under_water_one_cm":1298,"minecraft:jump":241,"minecraft:leave_game":1,"minecraft:walk_on_water_one_cm":92,"minecraft:time_since_death":52292,"minecraft:total_world_time":75547,"minecraft:climb_one_cm":186,"minecraft:inspect_dispenser":5,"minecraft:fall_one_cm":267},"minecraft:dropped":{"minecraft:netherite_chestplate":1},"minecraft:picked_up":{"bpalbert:orange_skull_key":3,"minecraft:redstone":2,"minecraft:netherite_chestplate":1}},"DataVersion":3465}