{"stats":{"minecraft:custom":{"minecraft:open_barrel":10,"minecraft:time_since_rest":11696,"minecraft:open_chest":5,"minecraft:crouch_one_cm":1191,"minecraft:play_time":11696,"minecraft:sprint_one_cm":13232,"minecraft:damage_taken":140,"minecraft:walk_one_cm":46088,"minecraft:sneak_time":205,"minecraft:walk_under_water_one_cm":2933,"minecraft:drop":2,"minecraft:jump":72,"minecraft:inspect_hopper":4,"minecraft:leave_game":2,"minecraft:time_since_death":11696,"minecraft:walk_on_water_one_cm":171,"minecraft:climb_one_cm":52,"minecraft:traded_with_villager":1,"minecraft:total_world_time":12628,"minecraft:interact_with_crafting_table":2,"minecraft:talked_to_villager":2,"minecraft:use_cauldron":2,"minecraft:fall_one_cm":4125,"minecraft:fly_one_cm":8659},"minecraft:picked_up":{"minecraft:iron_ingot":1,"bpalbert:orange_skull_key":3,"minecraft:emerald":1,"bpalbert:blue_skull_key":1},"minecraft:used":{"minecraft:netherite_leggings":2,"minecraft:netherite_chestplate":1,"minecraft:bucket":2,"minecraft:brush":3},"minecraft:dropped":{"bpalbert:blue_skull_key":1,"bpalbert:orange_skull_key":1},"minecraft:crafted":{"minecraft:bucket":1,"minecraft:stone_hoe":1,"minecraft:iron_ingot":1}},"DataVersion":3465}