{"stats":{"minecraft:custom":{"minecraft:jump":33,"minecraft:interact_with_brewingstand":1,"minecraft:time_since_rest":3765,"minecraft:inspect_dropper":1,"minecraft:sprint_one_cm":5812,"minecraft:play_time":3765,"minecraft:time_since_death":3765,"minecraft:walk_one_cm":4979,"minecraft:sneak_time":31,"minecraft:total_world_time":7876,"minecraft:fly_one_cm":5370,"minecraft:open_chest":1,"minecraft:open_barrel":3},"minecraft:used":{"minecraft:brush":5,"minecraft:barrel":1},"minecraft:picked_up":{"minecraft:iron_ingot":1,"minecraft:flint_and_steel":1,"minecraft:golden_apple":1,"minecraft:emerald":1}},"DataVersion":3465}