{"stats":{"minecraft:custom":{"minecraft:jump":8,"minecraft:open_chest":3,"minecraft:time_since_rest":2201,"minecraft:crouch_one_cm":29,"minecraft:sprint_one_cm":2737,"minecraft:play_time":2201,"minecraft:time_since_death":2201,"minecraft:walk_one_cm":4707,"minecraft:sneak_time":9,"minecraft:total_world_time":2219,"minecraft:use_cauldron":1,"minecraft:fly_one_cm":1936,"minecraft:fill_cauldron":1,"minecraft:open_barrel":3},"minecraft:picked_up":{"minecraft:enchanted_book":1,"minecraft:flint":1,"minecraft:golden_apple":1},"minecraft:used":{"minecraft:bucket":1,"minecraft:water_bucket":1,"minecraft:brush":3,"minecraft:iron_door":1}},"DataVersion":3465}