{"stats":{"minecraft:used":{"minecraft:oak_log":25,"minecraft:oak_leaves":69,"minecraft:glass_pane":1,"minecraft:green_concrete":78,"minecraft:stripped_oak_log":14,"minecraft:black_concrete":1,"minecraft:cobblestone":57,"minecraft:iron_door":1,"minecraft:oak_stairs":35},"minecraft:custom":{"minecraft:jump":21,"minecraft:time_since_rest":8944,"minecraft:inspect_hopper":6,"minecraft:damage_dealt":10,"minecraft:crouch_one_cm":366,"minecraft:play_time":8944,"minecraft:sprint_one_cm":5780,"minecraft:time_since_death":8944,"minecraft:walk_one_cm":19737,"minecraft:sneak_time":191,"minecraft:total_world_time":8970,"minecraft:fly_one_cm":52535}},"DataVersion":3465}