{"stats":{"minecraft:custom":{"minecraft:time_since_rest":49960,"minecraft:crouch_one_cm":1447,"minecraft:play_time":49960,"minecraft:sprint_one_cm":29146,"minecraft:walk_one_cm":168495,"minecraft:sneak_time":965,"minecraft:jump":151,"minecraft:leave_game":1,"minecraft:time_since_death":49960,"minecraft:total_world_time":55761,"minecraft:fly_one_cm":56889},"minecraft:picked_up":{"minecraft:torch":10},"minecraft:used":{"minecraft:stone_brick_stairs":72,"minecraft:stone_bricks":1151,"minecraft:item_frame":4,"minecraft:cracked_stone_bricks":65,"minecraft:torch":26,"minecraft:stone_brick_slab":152,"minecraft:mossy_stone_bricks":51,"minecraft:iron_bars":33,"minecraft:anvil":1,"minecraft:cobblestone":4,"minecraft:flint_and_steel":4,"minecraft:zombie_head":2,"minecraft:lantern":9,"minecraft:armor_stand":2,"minecraft:light_gray_candle":4,"minecraft:chain":26,"minecraft:decorated_pot":3,"minecraft:skeleton_skull":2,"minecraft:oak_wood":3,"minecraft:mossy_stone_brick_stairs":10,"minecraft:stone_brick_wall":3,"minecraft:candle":7,"minecraft:cobweb":31}},"DataVersion":3465}