{"stats":{"minecraft:used":{"minecraft:nether_brick_stairs":1,"minecraft:flint_and_steel":5},"minecraft:broken":{"minecraft:flint_and_steel":1},"minecraft:custom":{"minecraft:jump":18,"minecraft:time_since_rest":2414,"minecraft:crouch_one_cm":149,"minecraft:leave_game":1,"minecraft:play_time":2414,"minecraft:sprint_one_cm":3410,"minecraft:time_since_death":2414,"minecraft:walk_one_cm":2934,"minecraft:sneak_time":46,"minecraft:total_world_time":5297,"minecraft:fall_one_cm":209,"minecraft:fly_one_cm":2939}},"DataVersion":3465}