{"stats":{"minecraft:used":{"minecraft:fishing_rod":1,"minecraft:netherite_leggings":1,"minecraft:flint_and_steel":1,"minecraft:netherite_chestplate":1,"minecraft:bucket":1,"minecraft:brush":2},"minecraft:mined":{"minecraft:dirt":1},"minecraft:picked_up":{"minecraft:flint_and_steel":1,"minecraft:iron_ingot":1,"bpalbert:orange_skull_key":1,"minecraft:emerald":1},"minecraft:broken":{"minecraft:flint_and_steel":1},"minecraft:crafted":{"minecraft:bucket":1,"minecraft:air":0,"minecraft:iron_ingot":1},"minecraft:custom":{"minecraft:open_barrel":10,"minecraft:time_since_rest":7616,"minecraft:open_chest":4,"minecraft:crouch_one_cm":899,"minecraft:play_time":7616,"minecraft:sprint_one_cm":19550,"minecraft:damage_taken":45,"minecraft:walk_one_cm":23699,"minecraft:sneak_time":447,"minecraft:walk_under_water_one_cm":1556,"minecraft:interact_with_brewingstand":1,"minecraft:jump":112,"minecraft:inspect_hopper":1,"minecraft:time_since_death":7616,"minecraft:walk_on_water_one_cm":98,"minecraft:traded_with_villager":1,"minecraft:total_world_time":7622,"minecraft:use_cauldron":1,"minecraft:interact_with_crafting_table":1,"minecraft:talked_to_villager":2,"minecraft:fall_one_cm":4272,"minecraft:fly_one_cm":14731}},"DataVersion":3465}