{"stats":{"minecraft:killed":{"minecraft:villager":2},"minecraft:picked_up":{"bpalbert:orange_skull_key":1},"minecraft:used":{"minecraft:water_bucket":1,"minecraft:netherite_sword":10,"minecraft:terracotta":6,"minecraft:command_block":4,"minecraft:oak_button":3,"minecraft:nether_bricks":2,"minecraft:light_gray_terracotta":1,"minecraft:bucket":1,"minecraft:quartz_block":1,"minecraft:white_concrete":2,"minecraft:stripped_oak_log":2,"minecraft:iron_door":3,"minecraft:spruce_log":10,"minecraft:stone_bricks":5},"minecraft:custom":{"minecraft:open_barrel":4,"minecraft:time_since_rest":13713,"minecraft:open_chest":5,"minecraft:fill_cauldron":1,"minecraft:crouch_one_cm":578,"minecraft:play_time":13713,"minecraft:sprint_one_cm":17905,"minecraft:walk_one_cm":28645,"minecraft:sneak_time":512,"minecraft:walk_under_water_one_cm":1277,"minecraft:mob_kills":2,"minecraft:jump":86,"minecraft:inspect_hopper":3,"minecraft:damage_dealt":750,"minecraft:leave_game":1,"minecraft:time_since_death":13713,"minecraft:walk_on_water_one_cm":109,"minecraft:total_world_time":15515,"minecraft:climb_one_cm":74,"minecraft:talked_to_villager":1,"minecraft:fall_one_cm":1788,"minecraft:use_cauldron":1,"minecraft:fly_one_cm":40868,"minecraft:inspect_dispenser":2}},"DataVersion":3465}