{"stats":{"minecraft:crafted":{"minecraft:bucket":1,"minecraft:stone_hoe":1,"minecraft:air":0,"minecraft:iron_ingot":1},"minecraft:broken":{"minecraft:flint_and_steel":1},"minecraft:custom":{"minecraft:open_barrel":11,"minecraft:time_since_rest":11284,"minecraft:open_chest":10,"minecraft:crouch_one_cm":978,"minecraft:play_time":11284,"minecraft:sprint_one_cm":19032,"minecraft:damage_taken":50,"minecraft:walk_one_cm":40087,"minecraft:sneak_time":400,"minecraft:walk_under_water_one_cm":1300,"minecraft:interact_with_brewingstand":1,"minecraft:jump":32,"minecraft:inspect_hopper":1,"minecraft:leave_game":1,"minecraft:time_since_death":11284,"minecraft:walk_on_water_one_cm":110,"minecraft:climb_one_cm":352,"minecraft:traded_with_villager":1,"minecraft:total_world_time":16285,"minecraft:use_cauldron":1,"minecraft:interact_with_crafting_table":2,"minecraft:talked_to_villager":2,"minecraft:fall_one_cm":1221,"minecraft:fly_one_cm":3957},"minecraft:used":{"minecraft:fishing_rod":1,"minecraft:netherite_leggings":1,"minecraft:flint_and_steel":1,"minecraft:netherite_chestplate":1,"minecraft:bucket":1,"minecraft:brush":2,"minecraft:book":6,"minecraft:stone_hoe":1},"minecraft:picked_up":{"minecraft:flint_and_steel":1,"minecraft:iron_ingot":1,"bpalbert:orange_skull_key":1,"minecraft:emerald":1}},"DataVersion":3465}