{"stats":{"minecraft:crafted":{"minecraft:bucket":1,"minecraft:air":0,"minecraft:iron_ingot":1},"minecraft:picked_up":{"minecraft:iron_ingot":1,"bpalbert:orange_skull_key":1,"minecraft:emerald":1},"minecraft:used":{"minecraft:netherite_leggings":1,"minecraft:netherite_chestplate":1,"minecraft:brush":2,"minecraft:stone_hoe":1},"minecraft:custom":{"minecraft:open_barrel":4,"minecraft:time_since_rest":8563,"minecraft:open_chest":3,"minecraft:crouch_one_cm":1188,"minecraft:sprint_one_cm":11911,"minecraft:play_time":8563,"minecraft:damage_taken":100,"minecraft:walk_one_cm":39848,"minecraft:sneak_time":175,"minecraft:walk_under_water_one_cm":1493,"minecraft:jump":61,"minecraft:inspect_hopper":1,"minecraft:leave_game":3,"minecraft:time_since_death":8563,"minecraft:walk_on_water_one_cm":86,"minecraft:climb_one_cm":52,"minecraft:traded_with_villager":1,"minecraft:total_world_time":9470,"minecraft:talked_to_villager":2,"minecraft:interact_with_crafting_table":1,"minecraft:fall_one_cm":2933,"minecraft:fly_one_cm":8214}},"DataVersion":3465}