{"stats":{"minecraft:custom":{"minecraft:time_since_rest":17990,"minecraft:open_chest":7,"minecraft:fill_cauldron":1,"minecraft:crouch_one_cm":21,"minecraft:sprint_one_cm":7391,"minecraft:play_time":17990,"minecraft:walk_one_cm":32590,"minecraft:sneak_time":143,"minecraft:interact_with_lectern":2,"minecraft:jump":85,"minecraft:interact_with_brewingstand":1,"minecraft:leave_game":3,"minecraft:time_since_death":17990,"minecraft:total_world_time":20819,"minecraft:fly_one_cm":15782},"minecraft:picked_up":{"bpalbert:book_of_light":3,"bpalbert:book_of_shadows":3,"bpalbert:book_of_wisdom":3},"minecraft:used":{"minecraft:black_terracotta":25,"minecraft:polished_blackstone_brick_slab":3,"minecraft:water_bucket":1,"minecraft:tripwire_hook":1,"minecraft:writable_book":4,"minecraft:brewing_stand":1,"minecraft:light_gray_terracotta":94,"minecraft:magenta_glazed_terracotta":13,"minecraft:lectern":1,"minecraft:chest":4,"minecraft:stripped_oak_log":110,"minecraft:painting":9,"minecraft:cauldron":1,"minecraft:deepslate_brick_stairs":9,"minecraft:dark_oak_door":1}},"DataVersion":3465}