{"stats":{"minecraft:used":{"minecraft:item_frame":1,"minecraft:water_bucket":1,"minecraft:suspicious_sand":1,"minecraft:bucket":1,"minecraft:quartz_block":1,"minecraft:spruce_planks":1,"minecraft:dark_oak_slab":3,"minecraft:painting":10},"minecraft:picked_up":{"minecraft:item_frame":1,"bpalbert:book_of_shadows":1,"minecraft:painting":1},"minecraft:custom":{"minecraft:time_since_rest":5025,"minecraft:fill_cauldron":1,"minecraft:crouch_one_cm":67,"minecraft:sprint_one_cm":3999,"minecraft:play_time":5025,"minecraft:walk_one_cm":10154,"minecraft:sneak_time":20,"minecraft:drop":1,"minecraft:jump":26,"minecraft:damage_dealt":3,"minecraft:leave_game":1,"minecraft:time_since_death":5025,"minecraft:total_world_time":6878,"minecraft:use_cauldron":1,"minecraft:fly_one_cm":44140},"minecraft:dropped":{"bpalbert:book_of_shadows":1}},"DataVersion":3465}