{"stats":{"minecraft:custom":{"minecraft:jump":6,"minecraft:time_since_rest":2329,"minecraft:leave_game":1,"minecraft:crouch_one_cm":134,"minecraft:inspect_dropper":1,"minecraft:sprint_one_cm":1244,"minecraft:play_time":2329,"minecraft:time_since_death":2329,"minecraft:walk_one_cm":4219,"minecraft:sneak_time":70,"minecraft:total_world_time":2706,"minecraft:fly_one_cm":9656,"minecraft:open_barrel":1,"minecraft:open_chest":1},"minecraft:used":{"minecraft:stone_bricks":2,"minecraft:black_concrete":3,"minecraft:white_concrete":1,"minecraft:book":2,"minecraft:nether_bricks":1}},"DataVersion":3465}