{"stats":{"minecraft:used":{"minecraft:nether_brick_slab":5,"minecraft:gold_block":6,"minecraft:brown_terracotta":1,"minecraft:chest":1,"minecraft:dark_oak_trapdoor":2,"minecraft:mangrove_trapdoor":10,"minecraft:iron_door":1,"minecraft:nether_brick_stairs":5,"minecraft:nether_bricks":35},"minecraft:custom":{"minecraft:jump":44,"minecraft:open_chest":2,"minecraft:time_since_rest":6169,"minecraft:leave_game":1,"minecraft:crouch_one_cm":691,"minecraft:sprint_one_cm":8377,"minecraft:play_time":6169,"minecraft:time_since_death":6169,"minecraft:walk_one_cm":15171,"minecraft:sneak_time":512,"minecraft:total_world_time":7041,"minecraft:fly_one_cm":8252,"minecraft:interact_with_brewingstand":1,"minecraft:open_barrel":1}},"DataVersion":3465}