{"stats":{"minecraft:dropped":{"minecraft:painting":1},"minecraft:picked_up":{"minecraft:painting":2},"minecraft:custom":{"minecraft:jump":13,"minecraft:interact_with_brewingstand":3,"minecraft:time_since_rest":6277,"minecraft:crouch_one_cm":135,"minecraft:leave_game":2,"minecraft:play_time":6277,"minecraft:time_since_death":6277,"minecraft:walk_one_cm":16560,"minecraft:sneak_time":23,"minecraft:total_world_time":6497,"minecraft:drop":1,"minecraft:interact_with_lectern":1,"minecraft:open_chest":17}},"DataVersion":3465}