{"stats":{"minecraft:custom":{"minecraft:jump":66,"minecraft:time_since_rest":26638,"minecraft:crouch_one_cm":80,"minecraft:leave_game":1,"minecraft:sprint_one_cm":18937,"minecraft:play_time":26638,"minecraft:time_since_death":26638,"minecraft:walk_one_cm":32138,"minecraft:sneak_time":101,"minecraft:total_world_time":27933,"minecraft:fly_one_cm":20297},"minecraft:used":{"minecraft:redstone":4,"minecraft:sticky_piston":4,"minecraft:oak_sign":1,"minecraft:end_rod":4,"minecraft:black_concrete":127,"minecraft:cherry_wood":4,"minecraft:iron_door":1,"minecraft:smooth_quartz_slab":2}},"DataVersion":3465}