{"stats":{"minecraft:custom":{"minecraft:jump":20,"minecraft:time_since_rest":6339,"minecraft:inspect_hopper":2,"minecraft:crouch_one_cm":9,"minecraft:play_time":6339,"minecraft:sprint_one_cm":2792,"minecraft:time_since_death":6339,"minecraft:walk_on_water_one_cm":160,"minecraft:walk_one_cm":7366,"minecraft:sneak_time":374,"minecraft:total_world_time":7669,"minecraft:interact_with_lectern":1,"minecraft:fly_one_cm":7472,"minecraft:open_barrel":2},"minecraft:picked_up":{"minecraft:writable_book":1},"minecraft:used":{"minecraft:stone_bricks":2,"minecraft:quartz_block":4,"minecraft:bucket":1,"minecraft:water_bucket":3,"minecraft:redstone_lamp":2,"minecraft:bricks":1,"minecraft:grass_block":1}},"DataVersion":3465}