{"stats":{"minecraft:picked_up":{"minecraft:lead":2,"minecraft:flint_and_steel":10,"minecraft:glass_bottle":2,"minecraft:porkchop":2,"minecraft:redstone":3,"minecraft:diamond":1,"minecraft:oak_button":2,"minecraft:emerald":1},"minecraft:used":{"minecraft:wheat_seeds":15,"minecraft:oak_fence":23,"minecraft:moss_block":39,"minecraft:water_bucket":48,"minecraft:moss_carpet":13,"minecraft:netherite_sword":31,"minecraft:bamboo_mosaic":30,"minecraft:writable_book":3,"minecraft:iron_bars":14,"minecraft:dirt_path":39,"minecraft:dropper":2,"minecraft:orange_concrete":17,"minecraft:smooth_quartz_slab":73,"minecraft:birch_planks":27,"minecraft:red_concrete":18,"minecraft:glass_bottle":3,"minecraft:redstone":84,"minecraft:red_nether_bricks":91,"minecraft:suspicious_sand":13,"minecraft:oak_sign":2,"minecraft:chest":3,"minecraft:brown_concrete":6,"minecraft:cut_sandstone":24,"minecraft:nether_wart":9,"minecraft:cauldron":2,"minecraft:chiseled_nether_bricks":2,"minecraft:grass":1,"minecraft:stone_hoe":15,"minecraft:smooth_sandstone_stairs":1,"minecraft:farmland":2,"minecraft:netherrack":1,"minecraft:oak_leaves":7,"minecraft:torch":9,"minecraft:glow_item_frame":1,"minecraft:polished_blackstone_pressure_plate":1,"minecraft:brewing_stand":1,"minecraft:soul_sand":10,"minecraft:comparator":4,"minecraft:rail":15,"minecraft:dirt":34,"minecraft:sand":93,"minecraft:terracotta":163,"minecraft:mangrove_trapdoor":1,"minecraft:crafting_table":2,"minecraft:nether_bricks":344,"minecraft:light_gray_terracotta":186,"minecraft:sponge":1,"minecraft:ochre_froglight":24,"minecraft:painting":24,"minecraft:nether_brick_stairs":5,"minecraft:oak_fence_gate":1,"minecraft:dark_oak_door":3,"minecraft:redstone_torch":14,"minecraft:sticky_piston":3,"minecraft:glass":1,"minecraft:brown_terracotta":511,"minecraft:lever":3,"minecraft:lava_bucket":1,"minecraft:black_concrete":4,"minecraft:stripped_dark_oak_wood":21,"minecraft:light_gray_stained_glass":3,"minecraft:quartz_pillar":1,"minecraft:command_block":4,"minecraft:quartz_slab":2,"minecraft:lantern":8,"minecraft:grass_block":15,"minecraft:oak_button":6,"minecraft:barrier":65,"minecraft:smooth_sandstone":117,"minecraft:quartz_block":337,"minecraft:spruce_pressure_plate":1,"minecraft:lectern":1,"minecraft:spruce_trapdoor":1,"minecraft:oak_pressure_plate":1,"minecraft:iron_door":9,"minecraft:barrel":11,"minecraft:soul_lantern":2,"minecraft:item_frame":7,"minecraft:bedrock":4,"minecraft:fishing_rod":17,"minecraft:repeater":9,"minecraft:redstone_lamp":6,"minecraft:tall_grass":1,"minecraft:mangrove_slab":4,"minecraft:white_stained_glass":5,"minecraft:bucket":2,"minecraft:gold_block":4,"minecraft:chest_minecart":2,"minecraft:brush":9,"minecraft:pearlescent_froglight":4,"minecraft:bone_meal":21,"minecraft:light_gray_bed":3,"minecraft:soul_torch":2,"minecraft:brown_bed":1},"minecraft:custom":{"minecraft:inspect_dropper":5,"minecraft:mob_kills":9,"minecraft:inspect_hopper":1,"minecraft:interact_with_crafting_table":1,"minecraft:open_barrel":13,"minecraft:fill_cauldron":4,"minecraft:leave_game":1,"minecraft:time_since_death":148363,"minecraft:sleep_in_bed":1,"minecraft:time_since_rest":92624,"minecraft:sprint_one_cm":169164,"minecraft:walk_one_cm":307687,"minecraft:drop":1,"minecraft:damage_dealt":2594,"minecraft:talked_to_villager":1,"minecraft:fly_one_cm":172024,"minecraft:crouch_one_cm":5341,"minecraft:play_time":148363,"minecraft:sneak_time":4253,"minecraft:interact_with_lectern":1,"minecraft:interact_with_brewingstand":12,"minecraft:jump":857,"minecraft:walk_on_water_one_cm":4966,"minecraft:total_world_time":170865,"minecraft:use_cauldron":5},"minecraft:dropped":{"minecraft:oak_button":1},"minecraft:killed":{"minecraft:pig":1,"minecraft:wandering_trader":1,"minecraft:trader_llama":2,"minecraft:villager":5}},"DataVersion":3465}