{"stats":{"minecraft:used":{"minecraft:black_terracotta":32,"minecraft:oak_fence":1,"minecraft:glass":11,"minecraft:torch":9,"minecraft:stripped_mangrove_wood":4,"minecraft:dark_oak_trapdoor":14,"minecraft:jungle_leaves":4,"minecraft:black_concrete":11,"minecraft:red_carpet":1,"minecraft:brown_carpet":5,"minecraft:mangrove_door":6,"minecraft:grass_block":5,"minecraft:mangrove_slab":2,"minecraft:dark_oak_fence":2,"minecraft:jungle_door":1,"minecraft:chain":1,"minecraft:lectern":1,"minecraft:dark_oak_fence_gate":3,"minecraft:stripped_oak_log":8,"minecraft:dark_oak_slab":4,"minecraft:cobweb":20},"minecraft:custom":{"minecraft:time_since_rest":17994,"minecraft:crouch_one_cm":304,"minecraft:sprint_one_cm":4598,"minecraft:play_time":17994,"minecraft:walk_one_cm":44473,"minecraft:sneak_time":319,"minecraft:jump":129,"minecraft:damage_dealt":18,"minecraft:leave_game":3,"minecraft:time_since_death":17994,"minecraft:total_world_time":18319,"minecraft:fall_one_cm":209,"minecraft:fly_one_cm":21476}},"DataVersion":3465}