{"stats":{"minecraft:custom":{"minecraft:jump":10,"minecraft:open_chest":5,"minecraft:time_since_rest":6660,"minecraft:crouch_one_cm":2,"minecraft:sprint_one_cm":2576,"minecraft:play_time":6660,"minecraft:time_since_death":6660,"minecraft:walk_one_cm":13982,"minecraft:sneak_time":85,"minecraft:climb_one_cm":620,"minecraft:total_world_time":7148,"minecraft:fly_one_cm":3786,"minecraft:interact_with_brewingstand":2,"minecraft:open_barrel":6},"minecraft:picked_up":{"minecraft:flint_and_steel":1},"minecraft:used":{"minecraft:fishing_rod":1,"minecraft:flint_and_steel":1,"minecraft:book":3,"minecraft:stone_hoe":1}},"DataVersion":3465}