{"stats":{"minecraft:picked_up":{"bpalbert:book_of_wisdom":1,"bpalbert:book_of_light":1},"minecraft:used":{"minecraft:book":6,"minecraft:grass_block":2},"minecraft:custom":{"minecraft:time_since_rest":2494,"minecraft:leave_game":1,"minecraft:play_time":2824,"minecraft:sprint_one_cm":4736,"minecraft:walk_one_cm":5833,"minecraft:time_since_death":2444,"minecraft:deaths":1,"minecraft:total_world_time":2899,"minecraft:fly_one_cm":10022,"minecraft:open_barrel":2,"minecraft:jump":22}},"DataVersion":3465}