{"stats":{"minecraft:used":{"minecraft:oak_sign":2,"minecraft:lever":1,"minecraft:black_concrete":57,"minecraft:stripped_oak_log":5,"minecraft:painting":13},"minecraft:picked_up":{"minecraft:painting":2},"minecraft:custom":{"minecraft:jump":13,"minecraft:time_since_rest":3915,"minecraft:crouch_one_cm":17,"minecraft:leave_game":1,"minecraft:play_time":3915,"minecraft:time_since_death":3915,"minecraft:walk_one_cm":15493,"minecraft:sneak_time":14,"minecraft:total_world_time":5878}},"DataVersion":3465}