{"stats":{"minecraft:broken":{"minecraft:flint_and_steel":1},"minecraft:custom":{"minecraft:jump":13,"minecraft:time_since_rest":1089,"minecraft:leave_game":1,"minecraft:crouch_one_cm":38,"minecraft:inspect_dropper":1,"minecraft:sprint_one_cm":1873,"minecraft:play_time":1089,"minecraft:time_since_death":1089,"minecraft:walk_one_cm":1229,"minecraft:sneak_time":58,"minecraft:total_world_time":1165,"minecraft:interact_with_lectern":1,"minecraft:fly_one_cm":2205},"minecraft:used":{"minecraft:flint_and_steel":1}},"DataVersion":3465}