{"stats":{"minecraft:custom":{"minecraft:jump":12,"minecraft:open_chest":2,"minecraft:time_since_rest":2941,"minecraft:inspect_hopper":2,"minecraft:crouch_one_cm":374,"minecraft:leave_game":1,"minecraft:sprint_one_cm":2763,"minecraft:play_time":2941,"minecraft:walk_on_water_one_cm":92,"minecraft:time_since_death":2941,"minecraft:walk_one_cm":8623,"minecraft:sneak_time":49,"minecraft:climb_one_cm":68,"minecraft:total_world_time":2941,"minecraft:walk_under_water_one_cm":1376,"minecraft:fly_one_cm":5542,"minecraft:open_barrel":1}},"DataVersion":3465}