{"stats":{"minecraft:used":{"minecraft:lever":1,"minecraft:fishing_rod":10,"minecraft:flint_and_steel":1,"minecraft:bucket":1,"minecraft:polished_blackstone_button":3,"minecraft:brush":2,"minecraft:iron_door":1,"minecraft:book":6,"minecraft:stone_hoe":1},"minecraft:dropped":{"bpalbert:golden_key":1,"bpalbert:blue_skull_key":1,"bpalbert:pirate_key":1,"bpalbert:orange_skull_key":2},"minecraft:broken":{"minecraft:flint_and_steel":1},"minecraft:crafted":{"minecraft:stone_hoe":1},"minecraft:picked_up":{"minecraft:flint_and_steel":1,"minecraft:oak_sign":1,"minecraft:lever":1,"bpalbert:orange_skull_key":2,"minecraft:glass_bottle":1},"minecraft:custom":{"minecraft:open_barrel":30,"minecraft:open_chest":17,"minecraft:time_since_rest":29326,"minecraft:crouch_one_cm":924,"minecraft:play_time":29326,"minecraft:sprint_one_cm":4684,"minecraft:damage_taken":40,"minecraft:walk_one_cm":131318,"minecraft:sneak_time":842,"minecraft:walk_under_water_one_cm":1885,"minecraft:interact_with_lectern":3,"minecraft:drop":5,"minecraft:jump":100,"minecraft:interact_with_brewingstand":1,"minecraft:inspect_hopper":1,"minecraft:time_since_death":29326,"minecraft:walk_on_water_one_cm":107,"minecraft:total_world_time":29367,"minecraft:climb_one_cm":624,"minecraft:interact_with_crafting_table":3,"minecraft:talked_to_villager":5,"minecraft:use_cauldron":1,"minecraft:fall_one_cm":2978,"minecraft:fly_one_cm":6599}},"DataVersion":3465}