{"stats":{"minecraft:used":{"minecraft:note_block":1},"minecraft:dropped":{"bpalbert:golden_key":1,"bpalbert:blue_skull_key":1,"bpalbert:pirate_key":1,"bpalbert:orange_skull_key":1},"minecraft:custom":{"minecraft:jump":8,"minecraft:time_since_rest":2338,"minecraft:inspect_hopper":2,"minecraft:crouch_one_cm":8,"minecraft:play_time":2338,"minecraft:sprint_one_cm":810,"minecraft:time_since_death":2338,"minecraft:walk_one_cm":2935,"minecraft:sneak_time":7,"minecraft:total_world_time":2365,"minecraft:tune_noteblock":13,"minecraft:drop":4,"minecraft:fly_one_cm":536}},"DataVersion":3465}