{"stats":{"minecraft:used":{"minecraft:bucket":1,"minecraft:book":6,"minecraft:flint_and_steel":1},"minecraft:custom":{"minecraft:jump":51,"minecraft:open_chest":9,"minecraft:time_since_rest":4836,"minecraft:inspect_hopper":2,"minecraft:leave_game":1,"minecraft:sprint_one_cm":18392,"minecraft:play_time":4836,"minecraft:walk_on_water_one_cm":70,"minecraft:time_since_death":4836,"minecraft:walk_one_cm":15632,"minecraft:sneak_time":22,"minecraft:climb_one_cm":328,"minecraft:total_world_time":4873,"minecraft:walk_under_water_one_cm":1226,"minecraft:use_cauldron":1,"minecraft:fall_one_cm":1047,"minecraft:fly_one_cm":10490,"minecraft:interact_with_brewingstand":1,"minecraft:open_barrel":7},"minecraft:broken":{"minecraft:flint_and_steel":1},"minecraft:picked_up":{"minecraft:flint_and_steel":1}},"DataVersion":3465}