{"stats":{"minecraft:custom":{"minecraft:time_since_rest":21061,"minecraft:sprint_one_cm":18917,"minecraft:walk_one_cm":25388,"minecraft:mob_kills":1,"minecraft:damage_dealt":390,"minecraft:talked_to_villager":1,"minecraft:fly_one_cm":47194,"minecraft:open_barrel":13,"minecraft:open_chest":7,"minecraft:fill_cauldron":2,"minecraft:crouch_one_cm":377,"minecraft:play_time":21061,"minecraft:sneak_time":300,"minecraft:interact_with_lectern":1,"minecraft:jump":73,"minecraft:interact_with_brewingstand":1,"minecraft:leave_game":1,"minecraft:time_since_death":21061,"minecraft:total_world_time":22780,"minecraft:use_cauldron":1},"minecraft:used":{"minecraft:water_bucket":2,"minecraft:netherite_sword":5,"minecraft:black_concrete":1,"minecraft:command_block":1,"minecraft:quartz_slab":2,"minecraft:stripped_birch_log":7,"minecraft:red_concrete":1,"minecraft:grass_block":3,"minecraft:oak_sign":1,"minecraft:redstone":15,"minecraft:oak_button":1,"minecraft:suspicious_sand":1,"minecraft:smooth_sandstone":1,"minecraft:quartz_block":1,"minecraft:chest":1,"minecraft:stone_hoe":1,"minecraft:stone_bricks":2,"minecraft:repeater":1,"minecraft:redstone_lamp":2,"minecraft:terracotta":1,"minecraft:crafting_table":1,"minecraft:nether_bricks":4,"minecraft:light_gray_terracotta":2,"minecraft:bucket":1,"minecraft:painting":2,"minecraft:brush":3,"minecraft:stripped_oak_log":5,"minecraft:white_concrete":19},"minecraft:picked_up":{"minecraft:writable_book":1,"minecraft:emerald":1},"minecraft:killed":{"minecraft:villager":1}},"DataVersion":3465}