{"stats":{"minecraft:used":{"minecraft:flint_and_steel":1,"minecraft:book":6},"minecraft:custom":{"minecraft:jump":14,"minecraft:open_chest":5,"minecraft:time_since_rest":3944,"minecraft:crouch_one_cm":89,"minecraft:leave_game":1,"minecraft:sprint_one_cm":5700,"minecraft:play_time":3944,"minecraft:time_since_death":3944,"minecraft:walk_one_cm":12342,"minecraft:sneak_time":22,"minecraft:climb_one_cm":216,"minecraft:total_world_time":4240,"minecraft:fly_one_cm":2756,"minecraft:open_barrel":1},"minecraft:broken":{"minecraft:flint_and_steel":1}},"DataVersion":3465}