{"stats":{"minecraft:used":{"minecraft:bucket":1,"minecraft:brush":3},"minecraft:custom":{"minecraft:jump":23,"minecraft:open_chest":7,"minecraft:time_since_rest":8535,"minecraft:inspect_hopper":2,"minecraft:crouch_one_cm":1,"minecraft:leave_game":1,"minecraft:sprint_one_cm":6384,"minecraft:play_time":8535,"minecraft:walk_on_water_one_cm":116,"minecraft:time_since_death":8535,"minecraft:walk_one_cm":8112,"minecraft:sneak_time":46,"minecraft:climb_one_cm":37,"minecraft:total_world_time":30402,"minecraft:walk_under_water_one_cm":1987,"minecraft:use_cauldron":1,"minecraft:fly_one_cm":10381,"minecraft:inspect_dispenser":2,"minecraft:open_barrel":7},"minecraft:picked_up":{"minecraft:iron_ingot":2}},"DataVersion":3465}