{"stats":{"minecraft:used":{"minecraft:redstone":1,"minecraft:oak_planks":1,"minecraft:oak_sign":8,"minecraft:polished_blackstone_button":16,"minecraft:sea_lantern":2,"minecraft:note_block":6,"minecraft:white_concrete":84,"minecraft:stripped_spruce_log":11,"minecraft:stripped_birch_log":19},"minecraft:picked_up":{"minecraft:polished_blackstone_button":1},"minecraft:custom":{"minecraft:jump":28,"minecraft:time_since_rest":32191,"minecraft:crouch_one_cm":134,"minecraft:leave_game":1,"minecraft:sprint_one_cm":1536,"minecraft:play_time":32191,"minecraft:time_since_death":32191,"minecraft:walk_one_cm":12943,"minecraft:sneak_time":203,"minecraft:total_world_time":36364,"minecraft:tune_noteblock":66,"minecraft:fly_one_cm":5205}},"DataVersion":3465}