{"stats":{"minecraft:killed":{"minecraft:trader_llama":1},"minecraft:used":{"minecraft:netherite_sword":2,"minecraft:stripped_oak_log":1,"minecraft:anvil":1,"minecraft:iron_door":1},"minecraft:custom":{"minecraft:jump":19,"minecraft:time_since_rest":2584,"minecraft:damage_dealt":190,"minecraft:crouch_one_cm":30,"minecraft:leave_game":1,"minecraft:sprint_one_cm":6089,"minecraft:play_time":2584,"minecraft:time_since_death":2584,"minecraft:walk_one_cm":4865,"minecraft:sneak_time":7,"minecraft:total_world_time":3564,"minecraft:mob_kills":1,"minecraft:interact_with_anvil":1,"minecraft:interact_with_lectern":1,"minecraft:fly_one_cm":20606},"minecraft:picked_up":{"minecraft:leather":2,"minecraft:writable_book":1}},"DataVersion":3465}