{"stats":{"minecraft:used":{"minecraft:stone_bricks":9,"minecraft:water_bucket":1,"minecraft:writable_book":4,"minecraft:redstone_lamp":7,"minecraft:comparator":2,"minecraft:potion":3,"minecraft:redstone":7,"minecraft:bucket":1,"minecraft:cauldron":1,"minecraft:iron_door":1},"minecraft:custom":{"minecraft:time_since_rest":11826,"minecraft:open_chest":1,"minecraft:fill_cauldron":1,"minecraft:crouch_one_cm":560,"minecraft:sprint_one_cm":24414,"minecraft:play_time":11826,"minecraft:walk_one_cm":37759,"minecraft:sneak_time":167,"minecraft:interact_with_lectern":3,"minecraft:jump":252,"minecraft:leave_game":1,"minecraft:time_since_death":11826,"minecraft:total_world_time":34935,"minecraft:use_cauldron":4,"minecraft:fly_one_cm":40336}},"DataVersion":3465}