{"stats":{"minecraft:picked_up":{"minecraft:redstone":3},"minecraft:custom":{"minecraft:time_since_rest":22148,"minecraft:crouch_one_cm":194,"minecraft:play_time":22148,"minecraft:sprint_one_cm":5071,"minecraft:walk_one_cm":32869,"minecraft:sneak_time":228,"minecraft:jump":49,"minecraft:leave_game":1,"minecraft:time_since_death":22148,"minecraft:total_world_time":31241,"minecraft:tune_noteblock":377,"minecraft:fly_one_cm":13628},"minecraft:used":{"minecraft:polished_blackstone_bricks":38,"minecraft:glass":1,"minecraft:chiseled_bookshelf":3,"minecraft:repeater":8,"minecraft:sand":1,"minecraft:bookshelf":16,"minecraft:cobblestone":1,"minecraft:comparator":2,"minecraft:oak_slab":8,"minecraft:oak_stairs":8,"minecraft:redstone":15,"minecraft:oak_button":4,"minecraft:oak_planks":1,"minecraft:polished_blackstone_button":9,"minecraft:note_block":33,"minecraft:book":1,"minecraft:mud_bricks":119}},"DataVersion":3465}