{"stats":{"minecraft:picked_up":{"minecraft:polished_blackstone_button":1},"minecraft:used":{"minecraft:lever":1,"minecraft:black_concrete":3,"minecraft:nether_bricks":1,"minecraft:quartz_slab":1,"minecraft:stripped_birch_log":4,"minecraft:redstone":1,"minecraft:oak_button":5,"minecraft:quartz_block":2,"minecraft:polished_blackstone_button":4,"minecraft:white_concrete":1,"minecraft:stripped_oak_log":2,"minecraft:iron_door":1,"minecraft:stripped_spruce_log":3,"minecraft:stone_bricks":4},"minecraft:custom":{"minecraft:open_barrel":6,"minecraft:time_since_rest":9657,"minecraft:open_chest":15,"minecraft:crouch_one_cm":485,"minecraft:sprint_one_cm":16498,"minecraft:play_time":9657,"minecraft:walk_one_cm":26828,"minecraft:sneak_time":104,"minecraft:walk_under_water_one_cm":1023,"minecraft:jump":79,"minecraft:interact_with_brewingstand":1,"minecraft:inspect_hopper":1,"minecraft:leave_game":2,"minecraft:walk_on_water_one_cm":137,"minecraft:time_since_death":9657,"minecraft:climb_one_cm":344,"minecraft:total_world_time":9910,"minecraft:talked_to_villager":1,"minecraft:tune_noteblock":1,"minecraft:fly_one_cm":35681,"minecraft:inspect_dispenser":1}},"DataVersion":3465}