{"stats":{"minecraft:used":{"minecraft:redstone_torch":1,"minecraft:oak_log":1,"minecraft:stone_button":2,"minecraft:lever":2,"minecraft:redstone":7},"minecraft:custom":{"minecraft:jump":10,"minecraft:time_since_rest":4054,"minecraft:crouch_one_cm":12,"minecraft:inspect_dropper":2,"minecraft:sprint_one_cm":2946,"minecraft:play_time":4054,"minecraft:time_since_death":4054,"minecraft:walk_one_cm":6366,"minecraft:sneak_time":103,"minecraft:total_world_time":5509,"minecraft:fly_one_cm":10822,"minecraft:inspect_dispenser":2,"minecraft:open_barrel":1}},"DataVersion":3465}