{"stats":{"minecraft:picked_up":{"minecraft:white_wool":1},"minecraft:used":{"minecraft:enderman_spawn_egg":11,"minecraft:camel_spawn_egg":1,"minecraft:polar_bear_spawn_egg":1,"minecraft:rabbit_spawn_egg":1,"minecraft:trader_llama_spawn_egg":1,"minecraft:parrot_spawn_egg":1,"minecraft:cat_spawn_egg":1,"minecraft:turtle_spawn_egg":1},"minecraft:custom":{"minecraft:jump":13,"minecraft:open_chest":1,"minecraft:time_since_rest":5469,"minecraft:leave_game":1,"minecraft:crouch_one_cm":93,"minecraft:sprint_one_cm":2906,"minecraft:play_time":5469,"minecraft:time_since_death":5469,"minecraft:walk_one_cm":5991,"minecraft:sneak_time":27,"minecraft:total_world_time":5493,"minecraft:fly_one_cm":24748}},"DataVersion":3465}