{"stats":{"minecraft:crafted":{"minecraft:bucket":1,"minecraft:iron_ingot":1},"minecraft:custom":{"minecraft:open_barrel":8,"minecraft:time_since_rest":8770,"minecraft:open_chest":9,"minecraft:crouch_one_cm":822,"minecraft:sprint_one_cm":5862,"minecraft:play_time":8770,"minecraft:damage_taken":50,"minecraft:walk_one_cm":33184,"minecraft:sneak_time":390,"minecraft:walk_under_water_one_cm":1451,"minecraft:jump":46,"minecraft:inspect_hopper":1,"minecraft:leave_game":2,"minecraft:time_since_death":8770,"minecraft:walk_on_water_one_cm":131,"minecraft:traded_with_villager":1,"minecraft:total_world_time":13100,"minecraft:climb_one_cm":36,"minecraft:use_cauldron":1,"minecraft:interact_with_crafting_table":1,"minecraft:talked_to_villager":2,"minecraft:fall_one_cm":1460,"minecraft:fly_one_cm":6704},"minecraft:picked_up":{"minecraft:iron_ingot":1,"bpalbert:orange_skull_key":1,"minecraft:emerald":1},"minecraft:used":{"minecraft:redstone":1,"minecraft:bucket":1,"minecraft:brush":2}},"DataVersion":3465}