{"stats":{"minecraft:crafted":{"minecraft:bucket":1,"minecraft:stone_hoe":1,"minecraft:air":0,"minecraft:iron_ingot":1},"minecraft:custom":{"minecraft:open_barrel":10,"minecraft:time_since_rest":6957,"minecraft:open_chest":4,"minecraft:crouch_one_cm":453,"minecraft:play_time":6957,"minecraft:sprint_one_cm":6028,"minecraft:damage_taken":30,"minecraft:walk_one_cm":35565,"minecraft:sneak_time":253,"minecraft:walk_under_water_one_cm":1453,"minecraft:interact_with_brewingstand":1,"minecraft:jump":21,"minecraft:inspect_hopper":1,"minecraft:time_since_death":6957,"minecraft:walk_on_water_one_cm":96,"minecraft:traded_with_villager":1,"minecraft:total_world_time":7155,"minecraft:use_cauldron":1,"minecraft:interact_with_crafting_table":2,"minecraft:talked_to_villager":2,"minecraft:fall_one_cm":569,"minecraft:fly_one_cm":2083},"minecraft:used":{"minecraft:fishing_rod":2,"minecraft:netherite_leggings":1,"minecraft:netherite_chestplate":1,"minecraft:bucket":1,"minecraft:brush":2,"minecraft:stone_hoe":1},"minecraft:picked_up":{"minecraft:flint_and_steel":1,"minecraft:iron_ingot":1,"bpalbert:orange_skull_key":1,"minecraft:emerald":1}},"DataVersion":3465}