{"stats":{"minecraft:custom":{"minecraft:jump":71,"minecraft:time_since_rest":11516,"minecraft:crouch_one_cm":195,"minecraft:leave_game":1,"minecraft:sprint_one_cm":16973,"minecraft:play_time":11516,"minecraft:time_since_death":11516,"minecraft:walk_one_cm":19198,"minecraft:sneak_time":71,"minecraft:total_world_time":40222,"minecraft:fly_one_cm":19243},"minecraft:used":{"minecraft:birch_sign":1,"minecraft:polished_blackstone_button":2,"minecraft:black_concrete":103,"minecraft:iron_door":2,"minecraft:smooth_quartz_slab":2}},"DataVersion":3465}