{"stats":{"minecraft:used":{"minecraft:stone_bricks":83,"minecraft:smooth_quartz_stairs":9,"minecraft:quartz_bricks":142,"minecraft:glass":2,"minecraft:water_bucket":1,"minecraft:black_concrete":6,"minecraft:quartz_pillar":11,"minecraft:yellow_terracotta":64,"minecraft:orange_concrete":17,"minecraft:smooth_quartz_slab":42,"minecraft:quartz_slab":25,"minecraft:white_stained_glass":32,"minecraft:quartz_block":342,"minecraft:chest":1,"minecraft:polished_blackstone_button":3,"minecraft:chiseled_quartz_block":32,"minecraft:stone_pressure_plate":1,"minecraft:ochre_froglight":28,"minecraft:brown_concrete":15,"minecraft:cauldron":2,"minecraft:blue_concrete":16,"minecraft:quartz_stairs":3},"minecraft:custom":{"minecraft:open_chest":1,"minecraft:time_since_rest":32870,"minecraft:fill_cauldron":1,"minecraft:crouch_one_cm":520,"minecraft:play_time":32870,"minecraft:sprint_one_cm":21590,"minecraft:walk_one_cm":87074,"minecraft:sneak_time":502,"minecraft:interact_with_lectern":1,"minecraft:jump":95,"minecraft:leave_game":1,"minecraft:time_since_death":32870,"minecraft:total_world_time":40528,"minecraft:fly_one_cm":30382},"minecraft:picked_up":{"minecraft:polished_blackstone_button":2}},"DataVersion":3465}