{"stats":{"minecraft:custom":{"minecraft:jump":21,"minecraft:time_since_rest":5670,"minecraft:crouch_one_cm":31,"minecraft:leave_game":1,"minecraft:sprint_one_cm":1487,"minecraft:play_time":5670,"minecraft:time_since_death":5670,"minecraft:walk_one_cm":8896,"minecraft:sneak_time":73,"minecraft:total_world_time":5725,"minecraft:fly_one_cm":16673},"minecraft:used":{"minecraft:redstone":46,"minecraft:lever":2,"minecraft:stripped_oak_log":1,"minecraft:redstone_lamp":16,"minecraft:white_concrete":216}},"DataVersion":3465}