{"stats":{"minecraft:custom":{"minecraft:jump":39,"minecraft:open_chest":1,"minecraft:time_since_rest":11114,"minecraft:crouch_one_cm":16,"minecraft:leave_game":1,"minecraft:play_time":11114,"minecraft:sprint_one_cm":7797,"minecraft:time_since_death":11114,"minecraft:walk_one_cm":9134,"minecraft:sneak_time":77,"minecraft:total_world_time":30400,"minecraft:fall_one_cm":420,"minecraft:fly_one_cm":36088,"minecraft:open_barrel":5},"minecraft:used":{"minecraft:suspicious_sand":2,"minecraft:stripped_oak_log":2,"minecraft:black_concrete":1,"minecraft:bookshelf":2,"minecraft:stone_bricks":3}},"DataVersion":3465}